"Ticker","Year"
"A","2021"
"A","2022"
"A","2020"
"A","2018"
"A","2019"
"A","2016"
"A","2017"
"A","2015"
"AABA","2016"
"AABA","2015"
"AAL","2020"
"AAL","2016"
"AAL","2018"
"AAL","2022"
"AAL","2019"
"AAL","2017"
"AAL","2015"
"AAL","2021"
"AAP","2015"
"AAP","2021"
"AAP","2022"
"AAP","2019"
"AAP","2017"
"AAP","2018"
"AAP","2020"
"AAP","2016"
"AAPL","2020"
"AAPL","2016"
"AAPL","2022"
"AAPL","2018"
"AAPL","2019"
"AAPL","2017"
"AAPL","2021"
"AAPL","2015"
"ABBV","2021"
"ABBV","2022"
"ABBV","2018"
"ABBV","2015"
"ABBV","2017"
"ABBV","2016"
"ABBV","2019"
"ABBV","2020"
"ABC","2019"
"ABC","2016"
"ABC","2021"
"ABC","2015"
"ABC","2022"
"ABC","2017"
"ABC","2018"
"ABC","2020"
"ABMD","2019"
"ABMD","2018"
"ABMD","2021"
"ABMD","2020"
"ABT","2020"
"ABT","2016"
"ABT","2018"
"ABT","2022"
"ABT","2015"
"ABT","2019"
"ABT","2017"
"ABT","2021"
"ACN","2020"
"ACN","2018"
"ACN","2015"
"ACN","2016"
"ACN","2019"
"ACN","2021"
"ACN","2017"
"ACN","2022"
"ADBE","2017"
"ADBE","2022"
"ADBE","2015"
"ADBE","2020"
"ADBE","2019"
"ADBE","2016"
"ADBE","2018"
"ADBE","2021"
"ADI","2019"
"ADI","2017"
"ADI","2021"
"ADI","2015"
"ADI","2018"
"ADI","2020"
"ADI","2016"
"ADI","2022"
"ADM","2016"
"ADM","2018"
"ADM","2021"
"ADM","2015"
"ADM","2022"
"ADM","2019"
"ADM","2020"
"ADM","2017"
"ADP","2020"
"ADP","2021"
"ADP","2022"
"ADP","2016"
"ADP","2015"
"ADP","2019"
"ADP","2018"
"ADP","2017"
"ADSK","2017"
"ADSK","2015"
"ADSK","2020"
"ADSK","2018"
"ADSK","2021"
"ADSK","2019"
"ADSK","2016"
"ADSK","2022"
"ADT","2015"
"AEE","2015"
"AEE","2018"
"AEE","2022"
"AEE","2020"
"AEE","2017"
"AEE","2019"
"AEE","2021"
"AEE","2016"
"AEP","2015"
"AEP","2019"
"AEP","2016"
"AEP","2022"
"AEP","2021"
"AEP","2020"
"AEP","2018"
"AEP","2017"
"AES","2015"
"AES","2022"
"AES","2021"
"AES","2020"
"AES","2017"
"AES","2018"
"AES","2019"
"AES","2016"
"AGN","2018"
"AGN","2019"
"AGN","2017"
"AGN","2016"
"AGN","2015"
"AKAM","2022"
"AKAM","2021"
"AKAM","2016"
"AKAM","2019"
"AKAM","2015"
"AKAM","2017"
"AKAM","2020"
"AKAM","2018"
"ALB","2016"
"ALB","2022"
"ALB","2020"
"ALB","2021"
"ALB","2018"
"ALB","2019"
"ALB","2017"
"ALGN","2019"
"ALGN","2017"
"ALGN","2022"
"ALGN","2018"
"ALGN","2020"
"ALGN","2021"
"ALK","2019"
"ALK","2018"
"ALK","2022"
"ALK","2021"
"ALK","2016"
"ALK","2017"
"ALK","2020"
"ALLE","2022"
"ALLE","2020"
"ALLE","2017"
"ALLE","2016"
"ALLE","2015"
"ALLE","2021"
"ALLE","2018"
"ALLE","2019"
"ALXN","2016"
"ALXN","2020"
"ALXN","2018"
"ALXN","2015"
"ALXN","2017"
"ALXN","2019"
"AMAT","2018"
"AMAT","2020"
"AMAT","2021"
"AMAT","2022"
"AMAT","2017"
"AMAT","2015"
"AMAT","2019"
"AMAT","2016"
"AMCR","2019"
"AMCR","2021"
"AMCR","2020"
"AMCR","2022"
"AMD","2018"
"AMD","2021"
"AMD","2019"
"AMD","2020"
"AMD","2017"
"AMD","2022"
"AME","2015"
"AME","2016"
"AME","2021"
"AME","2022"
"AME","2020"
"AME","2017"
"AME","2019"
"AME","2018"
"AMGN","2017"
"AMGN","2022"
"AMGN","2021"
"AMGN","2018"
"AMGN","2015"
"AMGN","2016"
"AMGN","2020"
"AMGN","2019"
"AMZN","2015"
"AMZN","2017"
"AMZN","2016"
"AMZN","2018"
"AMZN","2020"
"AMZN","2021"
"AMZN","2019"
"AMZN","2022"
"AN","2015"
"AN","2016"
"ANDV","2015"
"ANDV","2017"
"ANDV","2016"
"ANET","2020"
"ANET","2019"
"ANET","2022"
"ANET","2021"
"ANET","2018"
"ANSS","2017"
"ANSS","2022"
"ANSS","2019"
"ANSS","2018"
"ANSS","2021"
"ANSS","2020"
"AOS","2018"
"AOS","2022"
"AOS","2019"
"AOS","2020"
"AOS","2021"
"AOS","2017"
"APA","2015"
"APA","2019"
"APA","2020"
"APA","2022"
"APA","2017"
"APA","2021"
"APA","2016"
"APA","2018"
"APC","2017"
"APC","2016"
"APC","2015"
"APC","2018"
"APD","2019"
"APD","2017"
"APD","2016"
"APD","2018"
"APD","2015"
"APD","2021"
"APD","2020"
"APD","2022"
"APH","2020"
"APH","2015"
"APH","2019"
"APH","2022"
"APH","2021"
"APH","2018"
"APH","2017"
"APH","2016"
"APTV","2019"
"APTV","2018"
"APTV","2022"
"APTV","2016"
"APTV","2017"
"APTV","2021"
"APTV","2015"
"APTV","2020"
"ARG","2015"
"ARNC","2015"
"ARNC","2016"
"ARNC","2018"
"ARNC","2019"
"ARNC","2017"
"ATO","2022"
"ATO","2021"
"ATO","2020"
"ATO","2019"
"ATVI","2015"
"ATVI","2017"
"ATVI","2021"
"ATVI","2016"
"ATVI","2022"
"ATVI","2019"
"ATVI","2020"
"ATVI","2018"
"AVGO","2019"
"AVGO","2018"
"AVGO","2017"
"AVGO","2021"
"AVGO","2022"
"AVGO","2016"
"AVGO","2020"
"AVGO","2015"
"AVY","2015"
"AVY","2022"
"AVY","2020"
"AVY","2016"
"AVY","2017"
"AVY","2021"
"AVY","2019"
"AVY","2018"
"AWK","2017"
"AWK","2016"
"AWK","2022"
"AWK","2020"
"AWK","2021"
"AWK","2019"
"AWK","2018"
"AYI","2016"
"AYI","2017"
"AZO","2015"
"AZO","2022"
"AZO","2017"
"AZO","2018"
"AZO","2016"
"AZO","2019"
"AZO","2020"
"AZO","2021"
"BA","2018"
"BA","2022"
"BA","2019"
"BA","2015"
"BA","2021"
"BA","2020"
"BA","2017"
"BA","2016"
"BALL","2022"
"BAX","2018"
"BAX","2020"
"BAX","2016"
"BAX","2021"
"BAX","2017"
"BAX","2019"
"BAX","2015"
"BAX","2022"
"BBBY","2016"
"BBBY","2015"
"BBWI","2022"
"BBWI","2021"
"BBY","2018"
"BBY","2022"
"BBY","2017"
"BBY","2019"
"BBY","2015"
"BBY","2016"
"BBY","2020"
"BBY","2021"
"BCR","2016"
"BCR","2015"
"BDX","2021"
"BDX","2015"
"BDX","2022"
"BDX","2019"
"BDX","2017"
"BDX","2020"
"BDX","2016"
"BDX","2018"
"BF.B","2018"
"BF.B","2021"
"BF.B","2016"
"BF.B","2022"
"BF.B","2020"
"BF.B","2015"
"BF.B","2019"
"BF.B","2017"
"BIIB","2015"
"BIIB","2019"
"BIIB","2021"
"BIIB","2020"
"BIIB","2017"
"BIIB","2016"
"BIIB","2022"
"BIIB","2018"
"BIO","2022"
"BIO","2020"
"BIO","2021"
"BKNG","2019"
"BKNG","2016"
"BKNG","2017"
"BKNG","2021"
"BKNG","2022"
"BKNG","2020"
"BKNG","2018"
"BKNG","2015"
"BKR","2021"
"BKR","2022"
"BKR","2019"
"BKR","2020"
"BMY","2016"
"BMY","2021"
"BMY","2020"
"BMY","2019"
"BMY","2018"
"BMY","2015"
"BMY","2022"
"BMY","2017"
"BR","2022"
"BR","2018"
"BR","2020"
"BR","2019"
"BR","2021"
"BRCM","2015"
"BRK.B","2017"
"BRK.B","2021"
"BRK.B","2022"
"BRK.B","2018"
"BRK.B","2020"
"BRK.B","2015"
"BRK.B","2019"
"BRK.B","2016"
"BSX","2016"
"BSX","2018"
"BSX","2022"
"BSX","2020"
"BSX","2019"
"BSX","2017"
"BSX","2015"
"BSX","2021"
"BWA","2020"
"BWA","2016"
"BWA","2019"
"BWA","2018"
"BWA","2015"
"BWA","2022"
"BWA","2021"
"BWA","2017"
"BXLT","2015"
"CA","2017"
"CA","2015"
"CA","2016"
"CAG","2019"
"CAG","2022"
"CAG","2018"
"CAG","2017"
"CAG","2021"
"CAG","2016"
"CAG","2015"
"CAG","2020"
"CAH","2017"
"CAH","2018"
"CAH","2021"
"CAH","2022"
"CAH","2016"
"CAH","2020"
"CAH","2015"
"CAH","2019"
"CAM","2015"
"CARR","2022"
"CARR","2021"
"CARR","2020"
"CAT","2016"
"CAT","2018"
"CAT","2017"
"CAT","2021"
"CAT","2020"
"CAT","2015"
"CAT","2019"
"CAT","2022"
"CCL","2022"
"CCL","2019"
"CCL","2015"
"CCL","2017"
"CCL","2021"
"CCL","2020"
"CCL","2018"
"CCL","2016"
"CDAY","2021"
"CDAY","2022"
"CDNS","2022"
"CDNS","2021"
"CDNS","2018"
"CDNS","2020"
"CDNS","2017"
"CDNS","2019"
"CDW","2020"
"CDW","2022"
"CDW","2021"
"CDW","2019"
"CE","2022"
"CE","2018"
"CE","2021"
"CE","2019"
"CE","2020"
"CEG","2022"
"CELG","2016"
"CELG","2015"
"CELG","2017"
"CELG","2018"
"CERN","2017"
"CERN","2018"
"CERN","2019"
"CERN","2021"
"CERN","2020"
"CERN","2015"
"CERN","2016"
"CF","2022"
"CF","2019"
"CF","2016"
"CF","2020"
"CF","2017"
"CF","2021"
"CF","2015"
"CF","2018"
"CHD","2019"
"CHD","2018"
"CHD","2022"
"CHD","2020"
"CHD","2017"
"CHD","2015"
"CHD","2016"
"CHD","2021"
"CHK","2016"
"CHK","2015"
"CHK","2017"
"CHRW","2017"
"CHRW","2020"
"CHRW","2021"
"CHRW","2015"
"CHRW","2022"
"CHRW","2019"
"CHRW","2016"
"CHRW","2018"
"CHTR","2019"
"CHTR","2021"
"CHTR","2020"
"CHTR","2018"
"CHTR","2016"
"CHTR","2017"
"CHTR","2022"
"CL","2019"
"CL","2020"
"CL","2016"
"CL","2021"
"CL","2017"
"CL","2018"
"CL","2015"
"CL","2022"
"CLX","2021"
"CLX","2016"
"CLX","2020"
"CLX","2017"
"CLX","2015"
"CLX","2022"
"CLX","2018"
"CLX","2019"
"CMCSA","2015"
"CMCSA","2016"
"CMCSA","2018"
"CMCSA","2020"
"CMCSA","2019"
"CMCSA","2017"
"CMCSA","2022"
"CMCSA","2021"
"CMG","2015"
"CMG","2018"
"CMG","2021"
"CMG","2017"
"CMG","2022"
"CMG","2016"
"CMG","2020"
"CMG","2019"
"CMI","2021"
"CMI","2022"
"CMI","2019"
"CMI","2017"
"CMI","2020"
"CMI","2018"
"CMI","2015"
"CMI","2016"
"CMS","2020"
"CMS","2022"
"CMS","2018"
"CMS","2015"
"CMS","2019"
"CMS","2017"
"CMS","2016"
"CMS","2021"
"CNP","2016"
"CNP","2022"
"CNP","2018"
"CNP","2015"
"CNP","2021"
"CNP","2017"
"CNP","2020"
"CNP","2019"
"CNX","2015"
"COL","2016"
"COL","2017"
"COL","2015"
"COO","2020"
"COO","2016"
"COO","2018"
"COO","2022"
"COO","2021"
"COO","2019"
"COO","2017"
"COP","2022"
"COP","2021"
"COP","2018"
"COP","2015"
"COP","2017"
"COP","2019"
"COP","2020"
"COP","2016"
"COST","2021"
"COST","2018"
"COST","2016"
"COST","2020"
"COST","2022"
"COST","2019"
"COST","2015"
"COST","2017"
"COTY","2016"
"COTY","2019"
"COTY","2017"
"COTY","2018"
"CPB","2022"
"CPB","2021"
"CPB","2017"
"CPB","2019"
"CPB","2016"
"CPB","2018"
"CPB","2015"
"CPB","2020"
"CPGX","2015"
"CPRI","2017"
"CPRI","2016"
"CPRI","2018"
"CPRI","2019"
"CPRT","2019"
"CPRT","2021"
"CPRT","2022"
"CPRT","2018"
"CPRT","2020"
"CRL","2021"
"CRL","2022"
"CRM","2017"
"CRM","2022"
"CRM","2015"
"CRM","2020"
"CRM","2016"
"CRM","2019"
"CRM","2018"
"CRM","2021"
"CSCO","2015"
"CSCO","2018"
"CSCO","2021"
"CSCO","2016"
"CSCO","2019"
"CSCO","2020"
"CSCO","2017"
"CSCO","2022"
"CSGP","2022"
"CSRA","2016"
"CSRA","2017"
"CSRA","2015"
"CSX","2020"
"CSX","2015"
"CSX","2018"
"CSX","2016"
"CSX","2021"
"CSX","2019"
"CSX","2022"
"CSX","2017"
"CTAS","2017"
"CTAS","2021"
"CTAS","2020"
"CTAS","2016"
"CTAS","2018"
"CTAS","2019"
"CTAS","2022"
"CTAS","2015"
"CTLT","2021"
"CTLT","2022"
"CTLT","2020"
"CTRA","2022"
"CTRA","2021"
"CTSH","2021"
"CTSH","2019"
"CTSH","2015"
"CTSH","2018"
"CTSH","2017"
"CTSH","2020"
"CTSH","2022"
"CTSH","2016"
"CTVA","2022"
"CTVA","2020"
"CTVA","2019"
"CTVA","2021"
"CTXS","2017"
"CTXS","2020"
"CTXS","2021"
"CTXS","2018"
"CTXS","2015"
"CTXS","2016"
"CTXS","2019"
"CVC","2015"
"CVS","2016"
"CVS","2021"
"CVS","2022"
"CVS","2020"
"CVS","2019"
"CVS","2015"
"CVS","2017"
"CVS","2018"
"CVX","2016"
"CVX","2020"
"CVX","2022"
"CVX","2015"
"CVX","2017"
"CVX","2018"
"CVX","2019"
"CVX","2021"
"CXO","2020"
"CXO","2019"
"CXO","2018"
"CXO","2017"
"CXO","2016"
"CZR","2022"
"CZR","2021"
"D","2018"
"D","2019"
"D","2017"
"D","2016"
"D","2015"
"D","2022"
"D","2021"
"D","2020"
"DAL","2016"
"DAL","2021"
"DAL","2022"
"DAL","2018"
"DAL","2015"
"DAL","2017"
"DAL","2019"
"DAL","2020"
"DD","2015"
"DD","2021"
"DD","2016"
"DD","2022"
"DD","2019"
"DD","2020"
"DE","2022"
"DE","2017"
"DE","2019"
"DE","2015"
"DE","2016"
"DE","2020"
"DE","2021"
"DE","2018"
"DG","2015"
"DG","2017"
"DG","2019"
"DG","2021"
"DG","2018"
"DG","2022"
"DG","2020"
"DG","2016"
"DGX","2016"
"DGX","2020"
"DGX","2018"
"DGX","2021"
"DGX","2019"
"DGX","2015"
"DGX","2017"
"DGX","2022"
"DHI","2019"
"DHI","2018"
"DHI","2017"
"DHI","2016"
"DHI","2022"
"DHI","2020"
"DHI","2021"
"DHI","2015"
"DHR","2016"
"DHR","2019"
"DHR","2022"
"DHR","2017"
"DHR","2018"
"DHR","2021"
"DHR","2015"
"DHR","2020"
"DIS","2016"
"DIS","2020"
"DIS","2021"
"DIS","2015"
"DIS","2018"
"DIS","2017"
"DIS","2022"
"DIS","2019"
"DISCK","2017"
"DISCK","2019"
"DISCK","2018"
"DISCK","2015"
"DISCK","2021"
"DISCK","2016"
"DISCK","2020"
"DISH","2017"
"DISH","2020"
"DISH","2022"
"DISH","2019"
"DISH","2021"
"DISH","2018"
"DLTR","2018"
"DLTR","2017"
"DLTR","2019"
"DLTR","2021"
"DLTR","2015"
"DLTR","2016"
"DLTR","2020"
"DLTR","2022"
"DNB","2015"
"DNB","2016"
"DO","2015"
"DOV","2020"
"DOV","2022"
"DOV","2017"
"DOV","2021"
"DOV","2016"
"DOV","2019"
"DOV","2015"
"DOV","2018"
"DOW","2022"
"DOW","2016"
"DOW","2021"
"DOW","2020"
"DOW","2015"
"DOW","2019"
"DPZ","2020"
"DPZ","2022"
"DPZ","2021"
"DRI","2022"
"DRI","2018"
"DRI","2019"
"DRI","2017"
"DRI","2020"
"DRI","2016"
"DRI","2021"
"DRI","2015"
"DTE","2017"
"DTE","2018"
"DTE","2016"
"DTE","2015"
"DTE","2019"
"DTE","2020"
"DTE","2022"
"DTE","2021"
"DUK","2017"
"DUK","2015"
"DUK","2022"
"DUK","2018"
"DUK","2019"
"DUK","2016"
"DUK","2021"
"DUK","2020"
"DVA","2015"
"DVA","2017"
"DVA","2019"
"DVA","2016"
"DVA","2018"
"DVA","2020"
"DVA","2022"
"DVA","2021"
"DVN","2018"
"DVN","2017"
"DVN","2019"
"DVN","2020"
"DVN","2015"
"DVN","2021"
"DVN","2022"
"DVN","2016"
"DXC","2021"
"DXC","2022"
"DXC","2017"
"DXC","2018"
"DXC","2020"
"DXC","2019"
"DXCM","2022"
"DXCM","2020"
"DXCM","2021"
"EA","2022"
"EA","2017"
"EA","2016"
"EA","2015"
"EA","2019"
"EA","2018"
"EA","2021"
"EA","2020"
"EBAY","2021"
"EBAY","2016"
"EBAY","2019"
"EBAY","2017"
"EBAY","2020"
"EBAY","2022"
"EBAY","2015"
"EBAY","2018"
"ECL","2018"
"ECL","2022"
"ECL","2021"
"ECL","2017"
"ECL","2019"
"ECL","2015"
"ECL","2016"
"ECL","2020"
"ED","2019"
"ED","2017"
"ED","2016"
"ED","2022"
"ED","2020"
"ED","2021"
"ED","2018"
"ED","2015"
"EFX","2020"
"EFX","2017"
"EFX","2018"
"EFX","2019"
"EFX","2015"
"EFX","2016"
"EFX","2022"
"EFX","2021"
"EIX","2020"
"EIX","2016"
"EIX","2019"
"EIX","2015"
"EIX","2021"
"EIX","2017"
"EIX","2022"
"EIX","2018"
"EL","2016"
"EL","2017"
"EL","2019"
"EL","2022"
"EL","2018"
"EL","2021"
"EL","2015"
"EL","2020"
"EMC","2015"
"EMN","2020"
"EMN","2016"
"EMN","2015"
"EMN","2019"
"EMN","2021"
"EMN","2017"
"EMN","2022"
"EMN","2018"
"EMR","2021"
"EMR","2019"
"EMR","2022"
"EMR","2016"
"EMR","2018"
"EMR","2020"
"EMR","2017"
"EMR","2015"
"ENPH","2021"
"ENPH","2022"
"EOG","2016"
"EOG","2022"
"EOG","2018"
"EOG","2017"
"EOG","2021"
"EOG","2020"
"EOG","2019"
"EOG","2015"
"EPAM","2021"
"EPAM","2022"
"EQT","2017"
"EQT","2016"
"EQT","2022"
"EQT","2015"
"ES","2016"
"ES","2018"
"ES","2015"
"ES","2022"
"ES","2017"
"ES","2019"
"ES","2020"
"ES","2021"
"ESRX","2017"
"ESRX","2016"
"ESRX","2015"
"ETN","2020"
"ETN","2017"
"ETN","2022"
"ETN","2021"
"ETN","2019"
"ETN","2015"
"ETN","2016"
"ETN","2018"
"ETR","2020"
"ETR","2017"
"ETR","2016"
"ETR","2019"
"ETR","2018"
"ETR","2021"
"ETR","2022"
"ETR","2015"
"ETSY","2022"
"ETSY","2021"
"ETSY","2020"
"EVHC","2017"
"EVHC","2016"
"EVRG","2021"
"EVRG","2020"
"EVRG","2019"
"EVRG","2018"
"EVRG","2022"
"EW","2019"
"EW","2015"
"EW","2020"
"EW","2022"
"EW","2017"
"EW","2021"
"EW","2018"
"EW","2016"
"EXC","2018"
"EXC","2017"
"EXC","2022"
"EXC","2016"
"EXC","2020"
"EXC","2015"
"EXC","2021"
"EXC","2019"
"EXPD","2017"
"EXPD","2015"
"EXPD","2021"
"EXPD","2019"
"EXPD","2020"
"EXPD","2022"
"EXPD","2016"
"EXPD","2018"
"EXPE","2017"
"EXPE","2022"
"EXPE","2020"
"EXPE","2021"
"EXPE","2015"
"EXPE","2018"
"EXPE","2016"
"EXPE","2019"
"F","2022"
"F","2021"
"F","2015"
"F","2016"
"F","2017"
"F","2020"
"F","2018"
"F","2019"
"FANG","2019"
"FANG","2021"
"FANG","2018"
"FANG","2020"
"FANG","2022"
"FAST","2016"
"FAST","2019"
"FAST","2021"
"FAST","2020"
"FAST","2017"
"FAST","2015"
"FAST","2022"
"FAST","2018"
"FCX","2019"
"FCX","2017"
"FCX","2015"
"FCX","2021"
"FCX","2022"
"FCX","2018"
"FCX","2020"
"FCX","2016"
"FDS","2022"
"FDS","2021"
"FDX","2016"
"FDX","2021"
"FDX","2019"
"FDX","2018"
"FDX","2020"
"FDX","2015"
"FDX","2017"
"FDX","2022"
"FE","2020"
"FE","2022"
"FE","2019"
"FE","2016"
"FE","2017"
"FE","2021"
"FE","2015"
"FE","2018"
"FFIV","2017"
"FFIV","2021"
"FFIV","2016"
"FFIV","2018"
"FFIV","2022"
"FFIV","2015"
"FFIV","2019"
"FFIV","2020"
"FIS","2015"
"FIS","2022"
"FIS","2019"
"FIS","2016"
"FIS","2020"
"FIS","2021"
"FIS","2017"
"FIS","2018"
"FISV","2016"
"FISV","2021"
"FISV","2017"
"FISV","2018"
"FISV","2019"
"FISV","2020"
"FISV","2022"
"FISV","2015"
"FL","2018"
"FL","2017"
"FL","2016"
"FLIR","2017"
"FLIR","2019"
"FLIR","2018"
"FLIR","2016"
"FLIR","2015"
"FLIR","2020"
"FLR","2015"
"FLR","2016"
"FLR","2018"
"FLR","2017"
"FLS","2016"
"FLS","2020"
"FLS","2017"
"FLS","2015"
"FLS","2019"
"FLS","2018"
"FLT","2019"
"FLT","2022"
"FLT","2021"
"FLT","2018"
"FLT","2020"
"FMC","2021"
"FMC","2015"
"FMC","2022"
"FMC","2019"
"FMC","2017"
"FMC","2016"
"FMC","2020"
"FMC","2018"
"FOSL","2015"
"FOX","2020"
"FOX","2017"
"FOX","2016"
"FOX","2021"
"FOX","2015"
"FOX","2019"
"FOX","2022"
"FOX","2018"
"FOXA","2019"
"FOXA","2022"
"FOXA","2017"
"FOXA","2015"
"FOXA","2020"
"FOXA","2018"
"FOXA","2021"
"FOXA","2016"
"FSLR","2015"
"FSLR","2016"
"FSLR","2022"
"FTI","2017"
"FTI","2016"
"FTI","2018"
"FTI","2020"
"FTI","2019"
"FTI","2015"
"FTNT","2022"
"FTNT","2020"
"FTNT","2018"
"FTNT","2021"
"FTNT","2019"
"FTV","2019"
"FTV","2016"
"FTV","2017"
"FTV","2021"
"FTV","2018"
"FTV","2022"
"FTV","2020"
"GAS","2015"
"GD","2015"
"GD","2016"
"GD","2022"
"GD","2019"
"GD","2020"
"GD","2017"
"GD","2018"
"GD","2021"
"GE","2021"
"GE","2020"
"GE","2019"
"GE","2017"
"GE","2018"
"GE","2016"
"GE","2015"
"GE","2022"
"GEN","2022"
"GILD","2018"
"GILD","2016"
"GILD","2017"
"GILD","2022"
"GILD","2021"
"GILD","2019"
"GILD","2020"
"GILD","2015"
"GIS","2017"
"GIS","2015"
"GIS","2020"
"GIS","2022"
"GIS","2019"
"GIS","2021"
"GIS","2016"
"GIS","2018"
"GLW","2017"
"GLW","2020"
"GLW","2016"
"GLW","2015"
"GLW","2021"
"GLW","2018"
"GLW","2019"
"GLW","2022"
"GM","2022"
"GM","2019"
"GM","2017"
"GM","2020"
"GM","2021"
"GM","2016"
"GM","2015"
"GM","2018"
"GMCR","2015"
"GME","2015"
"GNRC","2021"
"GNRC","2022"
"GOOG","2017"
"GOOG","2016"
"GOOG","2018"
"GOOG","2015"
"GOOG","2022"
"GOOG","2021"
"GOOG","2019"
"GOOG","2020"
"GOOGL","2020"
"GOOGL","2019"
"GOOGL","2017"
"GOOGL","2022"
"GOOGL","2018"
"GOOGL","2021"
"GOOGL","2016"
"GOOGL","2015"
"GPC","2021"
"GPC","2015"
"GPC","2019"
"GPC","2017"
"GPC","2016"
"GPC","2020"
"GPC","2022"
"GPC","2018"
"GPN","2017"
"GPN","2021"
"GPN","2020"
"GPN","2019"
"GPN","2022"
"GPN","2016"
"GPN","2018"
"GPS","2017"
"GPS","2015"
"GPS","2019"
"GPS","2020"
"GPS","2021"
"GPS","2016"
"GPS","2018"
"GRMN","2017"
"GRMN","2022"
"GRMN","2015"
"GRMN","2021"
"GRMN","2018"
"GRMN","2019"
"GRMN","2020"
"GRMN","2016"
"GT","2017"
"GT","2015"
"GT","2018"
"GT","2016"
"GWW","2018"
"GWW","2021"
"GWW","2015"
"GWW","2022"
"GWW","2019"
"GWW","2016"
"GWW","2017"
"GWW","2020"
"HAL","2020"
"HAL","2016"
"HAL","2018"
"HAL","2021"
"HAL","2022"
"HAL","2015"
"HAL","2017"
"HAL","2019"
"HAR","2015"
"HAR","2016"
"HAS","2015"
"HAS","2022"
"HAS","2020"
"HAS","2021"
"HAS","2019"
"HAS","2018"
"HAS","2016"
"HAS","2017"
"HBI","2016"
"HBI","2018"
"HBI","2019"
"HBI","2020"
"HBI","2017"
"HBI","2015"
"HCA","2016"
"HCA","2015"
"HCA","2018"
"HCA","2017"
"HCA","2020"
"HCA","2019"
"HCA","2022"
"HCA","2021"
"HCP","2016"
"HCP","2015"
"HCP","2018"
"HCP","2017"
"HD","2017"
"HD","2020"
"HD","2016"
"HD","2022"
"HD","2019"
"HD","2021"
"HD","2015"
"HD","2018"
"HES","2020"
"HES","2016"
"HES","2017"
"HES","2015"
"HES","2019"
"HES","2018"
"HES","2021"
"HES","2022"
"HII","2019"
"HII","2021"
"HII","2022"
"HII","2020"
"HII","2018"
"HLT","2020"
"HLT","2017"
"HLT","2019"
"HLT","2018"
"HLT","2021"
"HLT","2022"
"HOG","2018"
"HOG","2016"
"HOG","2015"
"HOG","2019"
"HOG","2017"
"HOLX","2018"
"HOLX","2016"
"HOLX","2020"
"HOLX","2022"
"HOLX","2019"
"HOLX","2021"
"HOLX","2017"
"HON","2021"
"HON","2017"
"HON","2019"
"HON","2018"
"HON","2015"
"HON","2022"
"HON","2020"
"HON","2016"
"HOT","2015"
"HP","2015"
"HP","2017"
"HP","2016"
"HP","2019"
"HP","2018"
"HPE","2021"
"HPE","2017"
"HPE","2022"
"HPE","2020"
"HPE","2019"
"HPE","2015"
"HPE","2018"
"HPE","2016"
"HPQ","2015"
"HPQ","2019"
"HPQ","2016"
"HPQ","2022"
"HPQ","2021"
"HPQ","2020"
"HPQ","2017"
"HPQ","2018"
"HRB","2017"
"HRB","2016"
"HRB","2019"
"HRB","2018"
"HRB","2015"
"HRL","2016"
"HRL","2015"
"HRL","2018"
"HRL","2021"
"HRL","2017"
"HRL","2020"
"HRL","2022"
"HRL","2019"
"HSIC","2022"
"HSIC","2016"
"HSIC","2018"
"HSIC","2020"
"HSIC","2021"
"HSIC","2017"
"HSIC","2015"
"HSIC","2019"
"HSY","2020"
"HSY","2022"
"HSY","2021"
"HSY","2017"
"HSY","2016"
"HSY","2018"
"HSY","2019"
"HSY","2015"
"HWM","2022"
"HWM","2020"
"HWM","2021"
"IBM","2022"
"IBM","2020"
"IBM","2017"
"IBM","2019"
"IBM","2016"
"IBM","2021"
"IBM","2018"
"IBM","2015"
"IDXX","2021"
"IDXX","2017"
"IDXX","2018"
"IDXX","2020"
"IDXX","2022"
"IDXX","2019"
"IEX","2019"
"IEX","2020"
"IEX","2021"
"IEX","2022"
"IFF","2019"
"IFF","2020"
"IFF","2021"
"IFF","2016"
"IFF","2017"
"IFF","2022"
"IFF","2018"
"IFF","2015"
"ILMN","2019"
"ILMN","2022"
"ILMN","2017"
"ILMN","2018"
"ILMN","2021"
"ILMN","2020"
"ILMN","2015"
"ILMN","2016"
"INCY","2020"
"INCY","2021"
"INCY","2018"
"INCY","2017"
"INCY","2022"
"INCY","2019"
"INFO","2017"
"INFO","2018"
"INFO","2020"
"INFO","2019"
"INFO","2021"
"INTC","2017"
"INTC","2018"
"INTC","2022"
"INTC","2015"
"INTC","2021"
"INTC","2020"
"INTC","2016"
"INTC","2019"
"INTU","2016"
"INTU","2019"
"INTU","2017"
"INTU","2015"
"INTU","2018"
"INTU","2021"
"INTU","2022"
"INTU","2020"
"IP","2019"
"IP","2015"
"IP","2020"
"IP","2022"
"IP","2016"
"IP","2021"
"IP","2017"
"IP","2018"
"IPG","2017"
"IPG","2016"
"IPG","2022"
"IPG","2021"
"IPG","2019"
"IPG","2018"
"IPG","2020"
"IPG","2015"
"IPGP","2019"
"IPGP","2021"
"IPGP","2020"
"IPGP","2018"
"IQV","2017"
"IQV","2022"
"IQV","2020"
"IQV","2019"
"IQV","2018"
"IQV","2021"
"IR","2020"
"IR","2021"
"IR","2017"
"IR","2018"
"IR","2022"
"IR","2015"
"IR","2019"
"IR","2016"
"ISRG","2021"
"ISRG","2017"
"ISRG","2016"
"ISRG","2018"
"ISRG","2022"
"ISRG","2015"
"ISRG","2020"
"ISRG","2019"
"IT","2021"
"IT","2019"
"IT","2017"
"IT","2020"
"IT","2022"
"IT","2018"
"ITW","2015"
"ITW","2016"
"ITW","2021"
"ITW","2020"
"ITW","2018"
"ITW","2019"
"ITW","2022"
"ITW","2017"
"J","2020"
"J","2022"
"J","2021"
"J","2019"
"JBHT","2020"
"JBHT","2022"
"JBHT","2021"
"JBHT","2016"
"JBHT","2017"
"JBHT","2018"
"JBHT","2015"
"JBHT","2019"
"JCI","2022"
"JCI","2017"
"JCI","2020"
"JCI","2021"
"JCI","2015"
"JCI","2019"
"JCI","2016"
"JCI","2018"
"JKHY","2020"
"JKHY","2022"
"JKHY","2018"
"JKHY","2021"
"JKHY","2019"
"JNJ","2020"
"JNJ","2017"
"JNJ","2021"
"JNJ","2015"
"JNJ","2019"
"JNJ","2016"
"JNJ","2022"
"JNJ","2018"
"JNPR","2015"
"JNPR","2021"
"JNPR","2016"
"JNPR","2017"
"JNPR","2019"
"JNPR","2018"
"JNPR","2020"
"JNPR","2022"
"JWN","2016"
"JWN","2017"
"JWN","2019"
"JWN","2015"
"JWN","2018"
"K","2021"
"K","2015"
"K","2019"
"K","2018"
"K","2017"
"K","2016"
"K","2022"
"K","2020"
"KDP","2022"
"KDP","2016"
"KDP","2017"
"KDP","2015"
"KEYS","2021"
"KEYS","2022"
"KEYS","2020"
"KEYS","2018"
"KEYS","2019"
"KHC","2017"
"KHC","2018"
"KHC","2015"
"KHC","2016"
"KHC","2021"
"KHC","2019"
"KHC","2022"
"KHC","2020"
"KLAC","2021"
"KLAC","2022"
"KLAC","2015"
"KLAC","2016"
"KLAC","2018"
"KLAC","2017"
"KLAC","2019"
"KLAC","2020"
"KMB","2016"
"KMB","2021"
"KMB","2015"
"KMB","2020"
"KMB","2022"
"KMB","2018"
"KMB","2019"
"KMB","2017"
"KMI","2015"
"KMI","2022"
"KMI","2021"
"KMI","2020"
"KMI","2018"
"KMI","2019"
"KMI","2017"
"KMI","2016"
"KMX","2015"
"KMX","2020"
"KMX","2019"
"KMX","2021"
"KMX","2018"
"KMX","2017"
"KMX","2022"
"KMX","2016"
"KO","2020"
"KO","2022"
"KO","2019"
"KO","2018"
"KO","2015"
"KO","2021"
"KO","2017"
"KO","2016"
"KR","2018"
"KR","2021"
"KR","2015"
"KR","2022"
"KR","2016"
"KR","2020"
"KR","2019"
"KR","2017"
"KSS","2019"
"KSS","2017"
"KSS","2015"
"KSS","2016"
"KSS","2018"
"KSU","2017"
"KSU","2020"
"KSU","2015"
"KSU","2018"
"KSU","2016"
"KSU","2019"
"LDOS","2022"
"LDOS","2020"
"LDOS","2019"
"LDOS","2021"
"LEG","2016"
"LEG","2015"
"LEG","2020"
"LEG","2017"
"LEG","2018"
"LEG","2019"
"LEN","2016"
"LEN","2015"
"LEN","2022"
"LEN","2020"
"LEN","2019"
"LEN","2018"
"LEN","2017"
"LEN","2021"
"LH","2017"
"LH","2019"
"LH","2016"
"LH","2021"
"LH","2022"
"LH","2020"
"LH","2015"
"LH","2018"
"LHX","2021"
"LHX","2022"
"LHX","2019"
"LHX","2020"
"LIN","2020"
"LIN","2019"
"LIN","2021"
"LIN","2022"
"LIN","2018"
"LKQ","2021"
"LKQ","2017"
"LKQ","2018"
"LKQ","2022"
"LKQ","2020"
"LKQ","2016"
"LKQ","2019"
"LLTC","2015"
"LLTC","2016"
"LLY","2015"
"LLY","2021"
"LLY","2016"
"LLY","2022"
"LLY","2020"
"LLY","2019"
"LLY","2018"
"LLY","2017"
"LMT","2021"
"LMT","2022"
"LMT","2017"
"LMT","2016"
"LMT","2018"
"LMT","2020"
"LMT","2019"
"LMT","2015"
"LNT","2016"
"LNT","2021"
"LNT","2018"
"LNT","2019"
"LNT","2022"
"LNT","2020"
"LNT","2017"
"LOW","2022"
"LOW","2021"
"LOW","2018"
"LOW","2019"
"LOW","2016"
"LOW","2020"
"LOW","2017"
"LOW","2015"
"LRCX","2017"
"LRCX","2015"
"LRCX","2020"
"LRCX","2021"
"LRCX","2018"
"LRCX","2016"
"LRCX","2019"
"LRCX","2022"
"LUMN","2022"
"LUMN","2021"
"LUMN","2020"
"LUV","2015"
"LUV","2022"
"LUV","2016"
"LUV","2020"
"LUV","2019"
"LUV","2021"
"LUV","2017"
"LUV","2018"
"LVLT","2015"
"LVLT","2016"
"LVS","2019"
"LVS","2022"
"LVS","2020"
"LVS","2021"
"LW","2022"
"LW","2020"
"LW","2021"
"LW","2019"
"LW","2018"
"LYB","2021"
"LYB","2016"
"LYB","2020"
"LYB","2019"
"LYB","2022"
"LYB","2015"
"LYB","2017"
"LYB","2018"
"LYV","2019"
"LYV","2020"
"LYV","2021"
"LYV","2022"
"M","2019"
"M","2018"
"M","2015"
"M","2017"
"M","2016"
"MAR","2019"
"MAR","2017"
"MAR","2015"
"MAR","2022"
"MAR","2021"
"MAR","2016"
"MAR","2018"
"MAR","2020"
"MAS","2019"
"MAS","2022"
"MAS","2016"
"MAS","2021"
"MAS","2017"
"MAS","2018"
"MAS","2015"
"MAS","2020"
"MAT","2018"
"MAT","2016"
"MAT","2015"
"MAT","2017"
"MCD","2017"
"MCD","2022"
"MCD","2021"
"MCD","2020"
"MCD","2016"
"MCD","2019"
"MCD","2015"
"MCD","2018"
"MCHP","2015"
"MCHP","2022"
"MCHP","2021"
"MCHP","2017"
"MCHP","2020"
"MCHP","2016"
"MCHP","2018"
"MCHP","2019"
"MCK","2021"
"MCK","2022"
"MCK","2019"
"MCK","2018"
"MCK","2015"
"MCK","2020"
"MCK","2016"
"MCK","2017"
"MCO","2022"
"MCO","2019"
"MCO","2016"
"MCO","2015"
"MCO","2017"
"MCO","2018"
"MCO","2021"
"MCO","2020"
"MDLZ","2015"
"MDLZ","2016"
"MDLZ","2020"
"MDLZ","2021"
"MDLZ","2017"
"MDLZ","2022"
"MDLZ","2019"
"MDLZ","2018"
"MDT","2022"
"MDT","2019"
"MDT","2020"
"MDT","2016"
"MDT","2021"
"MDT","2017"
"MDT","2015"
"MDT","2018"
"META","2022"
"MGM","2017"
"MGM","2020"
"MGM","2019"
"MGM","2022"
"MGM","2021"
"MGM","2018"
"MHK","2021"
"MHK","2019"
"MHK","2018"
"MHK","2016"
"MHK","2015"
"MHK","2020"
"MHK","2022"
"MHK","2017"
"MJN","2015"
"MJN","2016"
"MKC","2017"
"MKC","2022"
"MKC","2021"
"MKC","2020"
"MKC","2015"
"MKC","2018"
"MKC","2016"
"MKC","2019"
"MLM","2020"
"MLM","2015"
"MLM","2022"
"MLM","2017"
"MLM","2016"
"MLM","2019"
"MLM","2021"
"MLM","2018"
"MMM","2017"
"MMM","2022"
"MMM","2016"
"MMM","2018"
"MMM","2019"
"MMM","2021"
"MMM","2020"
"MMM","2015"
"MNK","2016"
"MNK","2015"
"MNST","2017"
"MNST","2021"
"MNST","2016"
"MNST","2020"
"MNST","2022"
"MNST","2015"
"MNST","2019"
"MNST","2018"
"MO","2020"
"MO","2017"
"MO","2015"
"MO","2018"
"MO","2022"
"MO","2021"
"MO","2016"
"MO","2019"
"MON","2016"
"MON","2017"
"MON","2015"
"MOS","2021"
"MOS","2018"
"MOS","2022"
"MOS","2015"
"MOS","2019"
"MOS","2017"
"MOS","2020"
"MOS","2016"
"MPC","2021"
"MPC","2015"
"MPC","2016"
"MPC","2022"
"MPC","2017"
"MPC","2019"
"MPC","2018"
"MPC","2020"
"MPWR","2022"
"MPWR","2021"
"MRK","2022"
"MRK","2019"
"MRK","2016"
"MRK","2017"
"MRK","2018"
"MRK","2020"
"MRK","2021"
"MRK","2015"
"MRNA","2021"
"MRNA","2022"
"MRO","2016"
"MRO","2020"
"MRO","2018"
"MRO","2019"
"MRO","2015"
"MRO","2021"
"MRO","2022"
"MRO","2017"
"MSFT","2020"
"MSFT","2016"
"MSFT","2018"
"MSFT","2017"
"MSFT","2015"
"MSFT","2022"
"MSFT","2021"
"MSFT","2019"
"MSI","2018"
"MSI","2019"
"MSI","2017"
"MSI","2020"
"MSI","2016"
"MSI","2015"
"MSI","2021"
"MSI","2022"
"MTCH","2022"
"MTCH","2021"
"MTD","2019"
"MTD","2018"
"MTD","2022"
"MTD","2016"
"MTD","2017"
"MTD","2020"
"MTD","2021"
"MU","2015"
"MU","2018"
"MU","2017"
"MU","2021"
"MU","2019"
"MU","2022"
"MU","2016"
"MU","2020"
"MUR","2016"
"MUR","2015"
"MXIM","2020"
"MXIM","2018"
"MXIM","2019"
"NBL","2018"
"NBL","2015"
"NBL","2019"
"NBL","2017"
"NBL","2016"
"NCLH","2020"
"NCLH","2022"
"NCLH","2019"
"NCLH","2021"
"NCLH","2017"
"NCLH","2018"
"NDSN","2022"
"NEE","2021"
"NEE","2015"
"NEE","2019"
"NEE","2020"
"NEE","2017"
"NEE","2016"
"NEE","2022"
"NEE","2018"
"NEM","2017"
"NEM","2019"
"NEM","2020"
"NEM","2018"
"NEM","2016"
"NEM","2022"
"NEM","2021"
"NEM","2015"
"NFLX","2022"
"NFLX","2016"
"NFLX","2018"
"NFLX","2021"
"NFLX","2017"
"NFLX","2019"
"NFLX","2015"
"NFLX","2020"
"NFX","2015"
"NFX","2018"
"NFX","2016"
"NFX","2017"
"NI","2019"
"NI","2021"
"NI","2017"
"NI","2020"
"NI","2022"
"NI","2016"
"NI","2015"
"NI","2018"
"NKE","2022"
"NKE","2021"
"NKE","2017"
"NKE","2019"
"NKE","2015"
"NKE","2018"
"NKE","2016"
"NKE","2020"
"NKTR","2018"
"NLSN","2015"
"NLSN","2021"
"NLSN","2020"
"NLSN","2017"
"NLSN","2019"
"NLSN","2018"
"NLSN","2016"
"NOC","2016"
"NOC","2017"
"NOC","2019"
"NOC","2018"
"NOC","2022"
"NOC","2020"
"NOC","2015"
"NOC","2021"
"NOV","2016"
"NOV","2019"
"NOV","2017"
"NOV","2020"
"NOV","2015"
"NOV","2018"
"NOW","2019"
"NOW","2021"
"NOW","2020"
"NOW","2022"
"NRG","2017"
"NRG","2015"
"NRG","2019"
"NRG","2016"
"NRG","2020"
"NRG","2018"
"NRG","2022"
"NRG","2021"
"NSC","2018"
"NSC","2020"
"NSC","2016"
"NSC","2015"
"NSC","2021"
"NSC","2019"
"NSC","2022"
"NSC","2017"
"NTAP","2021"
"NTAP","2022"
"NTAP","2016"
"NTAP","2017"
"NTAP","2018"
"NTAP","2019"
"NTAP","2020"
"NTAP","2015"
"NUE","2015"
"NUE","2016"
"NUE","2019"
"NUE","2022"
"NUE","2021"
"NUE","2020"
"NUE","2017"
"NUE","2018"
"NVDA","2016"
"NVDA","2022"
"NVDA","2015"
"NVDA","2018"
"NVDA","2019"
"NVDA","2017"
"NVDA","2020"
"NVDA","2021"
"NVR","2021"
"NVR","2019"
"NVR","2020"
"NVR","2022"
"NWL","2018"
"NWL","2016"
"NWL","2021"
"NWL","2022"
"NWL","2015"
"NWL","2019"
"NWL","2020"
"NWL","2017"
"NWS","2019"
"NWS","2017"
"NWS","2021"
"NWS","2018"
"NWS","2015"
"NWS","2020"
"NWS","2022"
"NWS","2016"
"NWSA","2022"
"NWSA","2016"
"NWSA","2018"
"NWSA","2021"
"NWSA","2015"
"NWSA","2019"
"NWSA","2017"
"NWSA","2020"
"NXPI","2022"
"NXPI","2021"
"ODFL","2020"
"ODFL","2022"
"ODFL","2021"
"ODFL","2019"
"OGN","2021"
"OGN","2022"
"OI","2015"
"OKE","2016"
"OKE","2022"
"OKE","2018"
"OKE","2021"
"OKE","2015"
"OKE","2019"
"OKE","2017"
"OKE","2020"
"OMC","2019"
"OMC","2020"
"OMC","2015"
"OMC","2016"
"OMC","2018"
"OMC","2017"
"OMC","2021"
"OMC","2022"
"ON","2022"
"ORCL","2017"
"ORCL","2016"
"ORCL","2022"
"ORCL","2018"
"ORCL","2019"
"ORCL","2015"
"ORCL","2021"
"ORCL","2020"
"ORLY","2015"
"ORLY","2019"
"ORLY","2021"
"ORLY","2022"
"ORLY","2020"
"ORLY","2018"
"ORLY","2017"
"ORLY","2016"
"OTIS","2021"
"OTIS","2022"
"OTIS","2020"
"OXY","2018"
"OXY","2017"
"OXY","2015"
"OXY","2022"
"OXY","2021"
"OXY","2016"
"OXY","2019"
"OXY","2020"
"PARA","2022"
"PAYC","2021"
"PAYC","2020"
"PAYC","2022"
"PAYX","2018"
"PAYX","2015"
"PAYX","2019"
"PAYX","2020"
"PAYX","2017"
"PAYX","2022"
"PAYX","2016"
"PAYX","2021"
"PBI","2015"
"PBI","2016"
"PCAR","2015"
"PCAR","2021"
"PCAR","2018"
"PCAR","2016"
"PCAR","2017"
"PCAR","2019"
"PCAR","2022"
"PCAR","2020"
"PCG","2015"
"PCG","2018"
"PCG","2017"
"PCG","2016"
"PCG","2022"
"PCL","2015"
"PCP","2015"
"PDCO","2016"
"PDCO","2017"
"PDCO","2015"
"PEG","2015"
"PEG","2019"
"PEG","2021"
"PEG","2022"
"PEG","2017"
"PEG","2018"
"PEG","2016"
"PEG","2020"
"PENN","2021"
"PEP","2017"
"PEP","2021"
"PEP","2020"
"PEP","2018"
"PEP","2019"
"PEP","2015"
"PEP","2022"
"PEP","2016"
"PFE","2021"
"PFE","2018"
"PFE","2015"
"PFE","2022"
"PFE","2016"
"PFE","2020"
"PFE","2017"
"PFE","2019"
"PG","2016"
"PG","2017"
"PG","2020"
"PG","2022"
"PG","2019"
"PG","2021"
"PG","2015"
"PG","2018"
"PH","2017"
"PH","2015"
"PH","2019"
"PH","2020"
"PH","2018"
"PH","2016"
"PH","2022"
"PH","2021"
"PHM","2022"
"PHM","2017"
"PHM","2019"
"PHM","2016"
"PHM","2018"
"PHM","2021"
"PHM","2015"
"PHM","2020"
"PKG","2020"
"PKG","2019"
"PKG","2022"
"PKG","2018"
"PKG","2017"
"PKG","2021"
"PKI","2021"
"PKI","2022"
"PKI","2017"
"PKI","2015"
"PKI","2016"
"PKI","2020"
"PKI","2019"
"PKI","2018"
"PM","2016"
"PM","2019"
"PM","2018"
"PM","2022"
"PM","2021"
"PM","2015"
"PM","2017"
"PM","2020"
"PNR","2017"
"PNR","2016"
"PNR","2022"
"PNR","2019"
"PNR","2015"
"PNR","2021"
"PNR","2020"
"PNR","2018"
"PNW","2018"
"PNW","2016"
"PNW","2017"
"PNW","2021"
"PNW","2020"
"PNW","2019"
"PNW","2015"
"PNW","2022"
"POM","2015"
"POOL","2020"
"POOL","2022"
"POOL","2021"
"PPG","2017"
"PPG","2015"
"PPG","2021"
"PPG","2018"
"PPG","2019"
"PPG","2020"
"PPG","2016"
"PPG","2022"
"PPL","2016"
"PPL","2021"
"PPL","2017"
"PPL","2022"
"PPL","2019"
"PPL","2015"
"PPL","2018"
"PPL","2020"
"PRGO","2016"
"PRGO","2020"
"PRGO","2017"
"PRGO","2015"
"PRGO","2019"
"PRGO","2018"
"PSX","2017"
"PSX","2018"
"PSX","2020"
"PSX","2016"
"PSX","2015"
"PSX","2022"
"PSX","2021"
"PSX","2019"
"PTC","2021"
"PTC","2022"
"PVH","2015"
"PVH","2017"
"PVH","2019"
"PVH","2021"
"PVH","2018"
"PVH","2016"
"PVH","2020"
"PWR","2015"
"PWR","2017"
"PWR","2018"
"PWR","2020"
"PWR","2019"
"PWR","2021"
"PWR","2016"
"PWR","2022"
"PXD","2017"
"PXD","2021"
"PXD","2015"
"PXD","2020"
"PXD","2018"
"PXD","2022"
"PXD","2016"
"PXD","2019"
"PYPL","2017"
"PYPL","2016"
"PYPL","2020"
"PYPL","2015"
"PYPL","2022"
"PYPL","2021"
"PYPL","2019"
"PYPL","2018"
"QCOM","2017"
"QCOM","2018"
"QCOM","2021"
"QCOM","2015"
"QCOM","2016"
"QCOM","2020"
"QCOM","2022"
"QCOM","2019"
"QRVO","2017"
"QRVO","2019"
"QRVO","2020"
"QRVO","2022"
"QRVO","2018"
"QRVO","2021"
"QRVO","2015"
"QRVO","2016"
"R","2015"
"R","2016"
"RAI","2015"
"RAI","2016"
"RCL","2015"
"RCL","2018"
"RCL","2021"
"RCL","2022"
"RCL","2020"
"RCL","2016"
"RCL","2017"
"RCL","2019"
"REGN","2021"
"REGN","2016"
"REGN","2015"
"REGN","2018"
"REGN","2017"
"REGN","2022"
"REGN","2020"
"REGN","2019"
"RHI","2016"
"RHI","2018"
"RHI","2021"
"RHI","2022"
"RHI","2019"
"RHI","2015"
"RHI","2017"
"RHI","2020"
"RHT","2016"
"RHT","2017"
"RHT","2015"
"RHT","2018"
"RIG","2015"
"RIG","2016"
"RL","2015"
"RL","2016"
"RL","2020"
"RL","2021"
"RL","2018"
"RL","2017"
"RL","2022"
"RL","2019"
"RMD","2017"
"RMD","2018"
"RMD","2019"
"RMD","2022"
"RMD","2020"
"RMD","2021"
"ROK","2022"
"ROK","2020"
"ROK","2021"
"ROK","2016"
"ROK","2015"
"ROK","2019"
"ROK","2018"
"ROK","2017"
"ROL","2019"
"ROL","2021"
"ROL","2020"
"ROL","2022"
"ROL","2018"
"ROP","2022"
"ROP","2021"
"ROP","2016"
"ROP","2020"
"ROP","2019"
"ROP","2017"
"ROP","2015"
"ROP","2018"
"ROST","2016"
"ROST","2019"
"ROST","2015"
"ROST","2020"
"ROST","2022"
"ROST","2018"
"ROST","2017"
"ROST","2021"
"RRC","2015"
"RRC","2016"
"RRC","2017"
"RSG","2017"
"RSG","2015"
"RSG","2016"
"RSG","2019"
"RSG","2022"
"RSG","2018"
"RSG","2020"
"RSG","2021"
"RTN","2017"
"RTN","2016"
"RTN","2018"
"RTN","2015"
"RTN","2019"
"RTX","2020"
"RTX","2022"
"RTX","2021"
"SBUX","2021"
"SBUX","2020"
"SBUX","2015"
"SBUX","2016"
"SBUX","2019"
"SBUX","2018"
"SBUX","2017"
"SBUX","2022"
"SCG","2017"
"SCG","2016"
"SCG","2018"
"SCG","2015"
"SE","2016"
"SE","2015"
"SEDG","2022"
"SEDG","2021"
"SEE","2019"
"SEE","2018"
"SEE","2015"
"SEE","2017"
"SEE","2016"
"SEE","2021"
"SEE","2022"
"SEE","2020"
"SHW","2017"
"SHW","2020"
"SHW","2022"
"SHW","2015"
"SHW","2021"
"SHW","2019"
"SHW","2018"
"SHW","2016"
"SIG","2016"
"SIG","2015"
"SIG","2017"
"SJM","2020"
"SJM","2016"
"SJM","2022"
"SJM","2019"
"SJM","2021"
"SJM","2015"
"SJM","2017"
"SJM","2018"
"SLB","2019"
"SLB","2015"
"SLB","2016"
"SLB","2022"
"SLB","2021"
"SLB","2018"
"SLB","2017"
"SLB","2020"
"SNA","2018"
"SNA","2017"
"SNA","2020"
"SNA","2021"
"SNA","2022"
"SNA","2019"
"SNA","2015"
"SNA","2016"
"SNDK","2015"
"SNI","2017"
"SNI","2015"
"SNI","2016"
"SNPS","2022"
"SNPS","2021"
"SNPS","2020"
"SNPS","2019"
"SNPS","2018"
"SNPS","2017"
"SO","2020"
"SO","2016"
"SO","2015"
"SO","2022"
"SO","2019"
"SO","2021"
"SO","2017"
"SO","2018"
"SPGI","2015"
"SPGI","2022"
"SPGI","2018"
"SPGI","2019"
"SPGI","2016"
"SPGI","2021"
"SPGI","2017"
"SPGI","2020"
"SPLS","2015"
"SPLS","2016"
"SRCL","2015"
"SRCL","2016"
"SRCL","2017"
"SRE","2020"
"SRE","2015"
"SRE","2016"
"SRE","2021"
"SRE","2018"
"SRE","2022"
"SRE","2017"
"SRE","2019"
"STE","2021"
"STE","2022"
"STE","2020"
"STE","2019"
"STJ","2015"
"STJ","2016"
"STLD","2022"
"STX","2015"
"STX","2019"
"STX","2017"
"STX","2022"
"STX","2020"
"STX","2021"
"STX","2016"
"STX","2018"
"STZ","2018"
"STZ","2016"
"STZ","2021"
"STZ","2017"
"STZ","2020"
"STZ","2022"
"STZ","2019"
"STZ","2015"
"SWK","2022"
"SWK","2016"
"SWK","2015"
"SWK","2018"
"SWK","2021"
"SWK","2017"
"SWK","2019"
"SWK","2020"
"SWKS","2018"
"SWKS","2021"
"SWKS","2019"
"SWKS","2020"
"SWKS","2015"
"SWKS","2017"
"SWKS","2016"
"SWKS","2022"
"SWN","2016"
"SWN","2015"
"SYK","2021"
"SYK","2016"
"SYK","2022"
"SYK","2017"
"SYK","2019"
"SYK","2018"
"SYK","2015"
"SYK","2020"
"SYY","2019"
"SYY","2017"
"SYY","2015"
"SYY","2016"
"SYY","2021"
"SYY","2022"
"SYY","2020"
"SYY","2018"
"T","2017"
"T","2021"
"T","2018"
"T","2016"
"T","2019"
"T","2015"
"T","2022"
"T","2020"
"TAP","2017"
"TAP","2016"
"TAP","2018"
"TAP","2022"
"TAP","2019"
"TAP","2021"
"TAP","2020"
"TAP","2015"
"TDC","2016"
"TDC","2015"
"TDG","2021"
"TDG","2017"
"TDG","2020"
"TDG","2022"
"TDG","2018"
"TDG","2019"
"TDG","2016"
"TDY","2022"
"TDY","2020"
"TDY","2021"
"TE","2015"
"TECH","2021"
"TECH","2022"
"TEL","2017"
"TEL","2022"
"TEL","2018"
"TEL","2019"
"TEL","2016"
"TEL","2015"
"TEL","2021"
"TEL","2020"
"TER","2022"
"TER","2020"
"TER","2021"
"TFX","2019"
"TFX","2021"
"TFX","2022"
"TFX","2020"
"TGNA","2016"
"TGNA","2015"
"TGT","2017"
"TGT","2016"
"TGT","2020"
"TGT","2019"
"TGT","2018"
"TGT","2022"
"TGT","2015"
"TGT","2021"
"THC","2015"
"TIF","2019"
"TIF","2017"
"TIF","2016"
"TIF","2020"
"TIF","2018"
"TIF","2015"
"TJX","2015"
"TJX","2020"
"TJX","2021"
"TJX","2019"
"TJX","2017"
"TJX","2016"
"TJX","2018"
"TJX","2022"
"TMO","2016"
"TMO","2015"
"TMO","2019"
"TMO","2018"
"TMO","2017"
"TMO","2021"
"TMO","2020"
"TMO","2022"
"TMUS","2022"
"TMUS","2020"
"TMUS","2021"
"TMUS","2019"
"TPR","2022"
"TPR","2018"
"TPR","2020"
"TPR","2019"
"TPR","2016"
"TPR","2017"
"TPR","2015"
"TPR","2021"
"TRGP","2022"
"TRIP","2015"
"TRIP","2017"
"TRIP","2018"
"TRIP","2016"
"TRMB","2021"
"TRMB","2022"
"TSCO","2017"
"TSCO","2021"
"TSCO","2016"
"TSCO","2019"
"TSCO","2020"
"TSCO","2018"
"TSCO","2022"
"TSCO","2015"
"TSLA","2022"
"TSLA","2020"
"TSLA","2021"
"TSN","2017"
"TSN","2021"
"TSN","2020"
"TSN","2015"
"TSN","2019"
"TSN","2016"
"TSN","2018"
"TSN","2022"
"TSS","2018"
"TSS","2015"
"TSS","2016"
"TSS","2017"
"TT","2020"
"TT","2022"
"TT","2021"
"TTWO","2020"
"TTWO","2022"
"TTWO","2021"
"TTWO","2019"
"TTWO","2018"
"TWC","2015"
"TWTR","2018"
"TWTR","2019"
"TWTR","2021"
"TWTR","2020"
"TWX","2016"
"TWX","2015"
"TWX","2017"
"TXN","2022"
"TXN","2019"
"TXN","2021"
"TXN","2017"
"TXN","2018"
"TXN","2016"
"TXN","2020"
"TXN","2015"
"TXT","2016"
"TXT","2022"
"TXT","2018"
"TXT","2020"
"TXT","2021"
"TXT","2015"
"TXT","2017"
"TXT","2019"
"TYL","2021"
"TYL","2022"
"TYL","2020"
"UA","2020"
"UA","2017"
"UA","2021"
"UA","2016"
"UA","2018"
"UA","2019"
"UAA","2020"
"UAA","2021"
"UAA","2016"
"UAA","2018"
"UAA","2017"
"UAA","2019"
"UAA","2015"
"UAL","2020"
"UAL","2016"
"UAL","2015"
"UAL","2018"
"UAL","2022"
"UAL","2017"
"UAL","2019"
"UAL","2021"
"UHS","2015"
"UHS","2022"
"UHS","2017"
"UHS","2021"
"UHS","2016"
"UHS","2018"
"UHS","2019"
"UHS","2020"
"ULTA","2016"
"ULTA","2021"
"ULTA","2018"
"ULTA","2020"
"ULTA","2022"
"ULTA","2017"
"ULTA","2019"
"UNP","2017"
"UNP","2018"
"UNP","2019"
"UNP","2021"
"UNP","2020"
"UNP","2022"
"UNP","2016"
"UNP","2015"
"UPS","2020"
"UPS","2015"
"UPS","2017"
"UPS","2021"
"UPS","2018"
"UPS","2022"
"UPS","2019"
"UPS","2016"
"URBN","2015"
"URBN","2016"
"URI","2015"
"URI","2019"
"URI","2020"
"URI","2018"
"URI","2021"
"URI","2017"
"URI","2022"
"URI","2016"
"VAR","2015"
"VAR","2020"
"VAR","2017"
"VAR","2018"
"VAR","2016"
"VAR","2019"
"VFC","2015"
"VFC","2019"
"VFC","2020"
"VFC","2017"
"VFC","2016"
"VFC","2022"
"VFC","2021"
"VFC","2018"
"VIAB","2016"
"VIAB","2018"
"VIAB","2017"
"VIAB","2015"
"VLO","2017"
"VLO","2021"
"VLO","2018"
"VLO","2019"
"VLO","2022"
"VLO","2015"
"VLO","2020"
"VLO","2016"
"VMC","2022"
"VMC","2020"
"VMC","2018"
"VMC","2015"
"VMC","2017"
"VMC","2016"
"VMC","2021"
"VMC","2019"
"VNT","2020"
"VRSN","2017"
"VRSN","2019"
"VRSN","2021"
"VRSN","2018"
"VRSN","2022"
"VRSN","2016"
"VRSN","2020"
"VRSN","2015"
"VRTX","2019"
"VRTX","2018"
"VRTX","2015"
"VRTX","2021"
"VRTX","2016"
"VRTX","2020"
"VRTX","2022"
"VRTX","2017"
"VTRS","2021"
"VTRS","2022"
"VTRS","2020"
"VZ","2020"
"VZ","2015"
"VZ","2017"
"VZ","2022"
"VZ","2016"
"VZ","2021"
"VZ","2018"
"VZ","2019"
"WAB","2019"
"WAB","2020"
"WAB","2022"
"WAB","2021"
"WAT","2016"
"WAT","2019"
"WAT","2015"
"WAT","2017"
"WAT","2022"
"WAT","2021"
"WAT","2020"
"WAT","2018"
"WBA","2015"
"WBA","2022"
"WBA","2019"
"WBA","2017"
"WBA","2018"
"WBA","2021"
"WBA","2020"
"WBA","2016"
"WBD","2022"
"WDC","2015"
"WDC","2020"
"WDC","2017"
"WDC","2018"
"WDC","2016"
"WDC","2022"
"WDC","2021"
"WDC","2019"
"WEC","2020"
"WEC","2019"
"WEC","2021"
"WEC","2016"
"WEC","2015"
"WEC","2017"
"WEC","2022"
"WEC","2018"
"WFM","2015"
"WFM","2016"
"WHR","2016"
"WHR","2017"
"WHR","2022"
"WHR","2015"
"WHR","2020"
"WHR","2018"
"WHR","2021"
"WHR","2019"
"WM","2020"
"WM","2015"
"WM","2019"
"WM","2022"
"WM","2017"
"WM","2018"
"WM","2021"
"WM","2016"
"WMB","2020"
"WMB","2019"
"WMB","2015"
"WMB","2016"
"WMB","2017"
"WMB","2021"
"WMB","2022"
"WMB","2018"
"WMT","2020"
"WMT","2019"
"WMT","2016"
"WMT","2015"
"WMT","2022"
"WMT","2021"
"WMT","2017"
"WMT","2018"
"WRK","2015"
"WRK","2021"
"WRK","2016"
"WRK","2017"
"WRK","2019"
"WRK","2020"
"WRK","2022"
"WRK","2018"
"WST","2022"
"WST","2020"
"WST","2021"
"WY","2020"
"WY","2018"
"WY","2019"
"WY","2021"
"WY","2022"
"WY","2015"
"WY","2017"
"WY","2016"
"WYNN","2017"
"WYNN","2019"
"WYNN","2015"
"WYNN","2016"
"WYNN","2022"
"WYNN","2018"
"WYNN","2021"
"WYNN","2020"
"XEC","2016"
"XEC","2015"
"XEC","2019"
"XEC","2018"
"XEC","2017"
"XEL","2020"
"XEL","2016"
"XEL","2015"
"XEL","2019"
"XEL","2022"
"XEL","2017"
"XEL","2018"
"XEL","2021"
"XLNX","2020"
"XLNX","2019"
"XLNX","2015"
"XLNX","2018"
"XLNX","2016"
"XLNX","2017"
"XLNX","2021"
"XOM","2020"
"XOM","2019"
"XOM","2022"
"XOM","2015"
"XOM","2018"
"XOM","2016"
"XOM","2017"
"XOM","2021"
"XRAY","2020"
"XRAY","2019"
"XRAY","2022"
"XRAY","2015"
"XRAY","2018"
"XRAY","2016"
"XRAY","2017"
"XRAY","2021"
"XRX","2020"
"XRX","2019"
"XRX","2018"
"XRX","2015"
"XRX","2016"
"XRX","2017"
"XYL","2020"
"XYL","2022"
"XYL","2019"
"XYL","2018"
"XYL","2015"
"XYL","2021"
"XYL","2016"
"XYL","2017"
"YUM","2020"
"YUM","2022"
"YUM","2019"
"YUM","2018"
"YUM","2015"
"YUM","2021"
"YUM","2016"
"YUM","2017"
"ZBH","2020"
"ZBH","2022"
"ZBH","2019"
"ZBH","2018"
"ZBH","2015"
"ZBH","2021"
"ZBH","2016"
"ZBH","2017"
"ZBRA","2020"
"ZBRA","2022"
"ZBRA","2019"
"ZBRA","2021"
"ZTS","2022"
"ZTS","2020"
"ZTS","2015"
"ZTS","2018"
"ZTS","2019"
"ZTS","2016"
"ZTS","2017"
"ZTS","2021"
